Max,Min,Mean
0.560409607738,0.0,0.0505971670332
0.600628746481,0.0,0.0649267564999
0.918151497943,0.0,0.0697254941895
1.16109525916,0.0,0.143394932465
1.62531633173,0.0,0.245021518019
2.30829613648,0.0,0.276583727851
3.01295174876,0.0,0.305370137409
2.64102422913,0.0,0.328734525133
2.57763354409,0.0,0.334009195844
2.75645309112,0.0,0.364085134466
2.72697470506,0.0,0.367315448932
5.51603432443,0.0,0.406646921189
4.4912435027,0.0,0.405493126021
2.10235009958,0.0,0.426313366239
2.15958205998,0.0,0.426765199747
4.23939185209,0.0,0.440668293776
2.15144854199,0.0,0.441719832912
2.17666361975,0.0,0.437170646995
2.22304317086,0.0,0.42861506244
2.05259630811,0.0,0.421148907882
2.06846987601,0.0,0.441316968943
2.04821711862,0.0,0.437540906213
2.20508334963,0.0,0.441482650803
3.43617871264,0.0,0.457831222702
3.14915277429,0.0,0.463015856419
2.72417791211,0.0,0.450265854745
2.2339773511,0.0,0.454458827578
2.06942513075,0.0,0.435577127185
2.09803822262,0.0,0.434134504684
2.0287813184,0.0,0.4219300653
2.0716560184,0.0,0.446709040627
2.18048600911,0.0,0.443561623848
2.34064192089,0.0,0.441932434167
2.37657505121,0.0,0.437226616136
2.20199371972,0.0,0.437162030159
2.14403769212,0.0,0.434816792713
2.10476811803,0.0,0.445035742978
2.00799790308,0.0,0.438008879886
1.99975910905,0.0,0.418623984769
1.97297829644,0.0,0.42016642989
2.38172756386,0.0,0.42882927641
2.30032927932,0.0,0.423047246796
2.28051819432,0.0,0.422421583939
2.06221191713,0.0,0.405087715254
1.9208920228,0.0,0.409160906617
1.95852194468,0.0,0.411134417634
2.00136770851,0.0,0.418956195138
1.92939843893,0.0,0.433583775697
2.07113671702,0.0,0.425647937125
2.07949964943,0.0,0.417318462697
2.09874231714,0.0,0.417504202857
2.20234982168,0.0,0.419935784424
2.01172370534,0.0,0.431426168134
2.07369598928,0.0,0.421773183598
1.99708867321,0.0,0.406104108667
2.01524295735,0.0,0.418326403201
1.98054981913,0.0,0.429354600136
1.98386824972,0.0,0.44072329213
2.14238682359,0.0,0.441552557406
2.05879470623,0.0,0.451198242734
2.10263858626,0.0,0.458435736535
1.98563209493,0.0,0.453164155107
2.13686080414,0.0,0.445270483591
1.99735629003,0.0,0.421203915737
2.12031260683,0.0,0.405064020188
2.01995931965,0.0,0.438360778307
2.13177523396,0.0,0.42411863415
2.18091172885,0.0,0.42083562724
2.11077773095,0.0,0.426696858931
2.15416224237,0.0,0.430994827428
2.14867427391,0.0,0.438636779985
2.31830426462,0.0,0.443202002826
2.02480796014,0.0,0.425848970314
2.20263893152,0.0,0.446591542504
2.28069200305,0.0,0.437357809155
2.29763003464,0.0,0.441777805649
2.11598887242,0.0,0.439748989002
2.08450582814,0.0,0.42380066305
2.16492241843,0.0,0.415253926069
2.13616066692,0.0,0.430653380625
2.02264740245,0.0,0.43675740196
2.05481851985,0.0,0.429593347901
2.14278248389,0.0,0.435564996906
2.19116178324,0.0,0.431458254179
2.20796581689,0.0,0.433452379183
2.16323950662,0.0,0.432831928779
2.13597423318,0.0,0.429427515908
2.15158500578,0.0,0.424790776946
2.06705423734,0.0,0.445959093242
2.2027277432,0.0,0.431577202765
2.17694498291,0.0,0.42250275391
2.19407696312,0.0,0.4303852118
2.28629581788,0.0,0.42630956108
2.11486852136,0.0,0.412354656295
2.20940452995,0.0,0.43324936319
2.04220483783,0.0,0.418114348715
1.97563362147,0.0,0.42729516866
2.08533590058,0.0,0.431408942209
2.14384766079,0.0,0.435195402947
2.08087097792,0.0,0.426161227943
2.32366479061,0.0,0.426027057414
2.10688311079,0.0,0.418068091436
2.01553007171,0.0,0.401090215114
2.07748399034,0.0,0.426055028138
2.08890977919,0.0,0.442121854625
2.12349528389,0.0,0.426783195217
2.15995087755,0.0,0.452022125838
2.06662530027,0.0,0.44293718638
2.22947196849,0.0,0.440502499779
2.10347404875,0.0,0.437709305892
2.39476144756,0.0,0.448309821102
2.17052755507,0.0,0.448827417358
2.22175491751,0.0,0.452910975329
2.16191750551,0.0,0.435361126776
2.17890390857,0.0,0.437588983873
2.13445351238,0.0,0.440374244212
2.12174438605,0.0,0.426866585009
1.94002750467,0.0,0.41115913804
2.12003202652,0.0,0.431037675577
2.09397883031,0.0,0.438236788443
2.15362136646,0.0,0.453110685054
2.1732265582,0.0,0.456142404599
2.20570642073,0.0,0.444341916114
2.09893519928,0.0,0.443943245075
2.07090893409,0.0,0.464552743765
2.15023768619,0.0,0.450046932853
2.08521349757,0.0,0.458187561483
2.00942226682,0.0,0.44195308716
2.25669504771,0.0,0.456151856029
2.07806836738,0.0,0.436690226663
2.09818856496,0.0,0.446472967155
2.14690510182,0.0,0.445713820097
2.35719504047,0.0,0.441733475318
2.1966502218,0.0,0.443269660208
2.168426929,0.0,0.433576276346
2.3249853421,0.0,0.456869228516
2.36933065217,0.0,0.457991953889
2.49912523628,0.0,0.455219959998
2.29021519818,0.0,0.464548374933
2.33834303628,0.0,0.457098408903
2.38859535418,0.0,0.463562702139
2.38728524795,0.0,0.458004717459
2.46122455955,0.0,0.443809885937
2.35285116416,0.0,0.436548258047
1.95861934508,0.0,0.43417719444
2.21181389493,0.0,0.455466279593
2.26489738657,0.0,0.444427020047
2.21449729963,0.0,0.438118739754
2.35022825644,0.0,0.426971942225
2.05846639625,0.0,0.432471697036
2.25765505339,0.0,0.429609375436
2.01735241371,0.0,0.435801829254
2.24695803842,0.0,0.419659165841
2.21438065943,0.0,0.420382659249
2.16164088965,0.0,0.454496857974
2.39291906202,0.0,0.447726107039
2.31562218947,0.0,0.460304210159
2.29318598841,0.0,0.443779600108
2.13579929781,0.0,0.432910125058
1.94055942892,0.0,0.404868703735
2.12367044192,0.0,0.43416213957
2.13679853533,0.0,0.429355109917
2.15619272995,0.0,0.428829541259
2.16441923094,0.0,0.432580796695
1.88854441173,0.0,0.432621673217
2.25023766508,0.0,0.45633370307
2.15514711393,0.0,0.450203335906
2.14624242226,0.0,0.458919412069
2.42354651696,0.0,0.458831120147
2.25548575167,0.0,0.44497127737
2.1596143537,0.0,0.448544159945
2.07542731559,0.0,0.450796276685
1.99814111465,0.0,0.453840896316
2.35920829288,0.0,0.446409233453
2.16682006565,0.0,0.435350567881
2.10334915218,0.0,0.432837656579
2.21483616068,0.0,0.418702285686
2.17674487622,0.0,0.417206102815
2.13916646982,0.0,0.430782547158
2.04235483948,0.0,0.428652795399
2.04690956409,0.0,0.421822487369
2.40824410754,0.0,0.427197424263
2.33882465873,0.0,0.43952953596
2.17107180033,0.0,0.435842207072
2.32854813364,0.0,0.438535105959
2.29158316016,0.0,0.423440360039
2.1954938271,0.0,0.448279047774
2.35137191906,0.0,0.442461762752
2.33947497593,0.0,0.459192988626
2.19266550079,0.0,0.437214161628
2.33050212832,0.0,0.442832030929
2.13635889069,0.0,0.428115057712
2.231339943,0.0,0.424911993003
2.17819440586,0.0,0.434397644088
2.13093730544,0.0,0.42984706554
2.11192003041,0.0,0.405068468885
2.1801403562,0.0,0.428005495365
2.18515463453,0.0,0.452603159585
2.14863922764,0.0,0.452438107377
2.10650011748,0.0,0.436639227207
2.05689901003,0.0,0.454337877586
2.32750417917,0.0,0.454881043731
2.21930024087,0.0,0.446761669955
2.22764967948,0.0,0.452710733514
2.13488261341,0.0,0.453027382906
2.1427580711,0.0,0.458819859364
2.26152938836,0.0,0.441278675352
2.56450850695,0.0,0.464693931195
2.28028441748,0.0,0.450894873972
2.34230943108,0.0,0.460349705716
2.25898889221,0.0,0.454314740233
2.31520165134,0.0,0.455052768371
2.34958721877,0.0,0.455852013404
2.28512934218,0.0,0.457856536755
2.38034075713,0.0,0.453085603353
2.14222284508,0.0,0.448228147923
2.21606987525,0.0,0.438348405743
2.24012463299,0.0,0.426776147168
2.35901242504,0.0,0.451090710301
2.1746007943,0.0,0.454150022086
2.23460632176,0.0,0.446922402063
2.10341618755,0.0,0.461895506831
2.10630003014,0.0,0.44552859267
2.06912244706,0.0,0.440317898735
2.35967912983,0.0,0.434355817564
2.39506311431,0.0,0.440605637006
2.23695829366,0.0,0.437781154804
2.31693547437,0.0,0.438569916915
2.23510164995,0.0,0.425676304522
2.11695167693,0.0,0.432450439753
2.28155884815,0.0,0.45654787625
2.34456507925,0.0,0.454908293655
2.18138823321,0.0,0.464481913815
2.34545039301,0.0,0.457673828204
2.37939711343,0.0,0.455932583021
2.46724403008,0.0,0.465295615357
2.45740850017,0.0,0.454057420856
2.33908081808,0.0,0.472733861163
2.6546422519,0.0,0.471261160713
2.48745166738,0.0,0.478279311802
2.36991281893,0.0,0.474021039983
2.34005977775,0.0,0.462218278469
2.48091193637,0.0,0.450456986835
2.55503239901,0.0,0.441839469822
2.29191322952,0.0,0.451911066528
2.38994755787,0.0,0.452441933621
2.49082803259,0.0,0.4641345603
2.4680609934,0.0,0.475131556723
2.2719176711,0.0,0.465182435908
2.17858483302,0.0,0.449221949262
2.34433248158,0.0,0.464294759342
2.31774128722,0.0,0.458801462875
2.26793753008,0.0,0.440559203883
2.27315984396,0.0,0.449156773994
2.59573080078,0.0,0.450404681277
2.24603660014,0.0,0.450922009569
2.28663507223,0.0,0.461066894217
2.48520496647,0.0,0.466107296469
2.18996391093,0.0,0.458794614558
2.25965005971,0.0,0.459678233034
2.35382928802,0.0,0.456103255547
2.28351748924,0.0,0.440512803789
2.45896346926,0.0,0.466755437533
2.35753606659,0.0,0.473483301686
2.41155547613,0.0,0.460877835895
2.33715824965,0.0,0.462949541328
2.34548054677,0.0,0.454464616055
2.35527117887,0.0,0.457962023305
2.54377038947,0.0,0.452012876696
2.44696740684,0.0,0.462661233224
2.3307436964,0.0,0.466898126433
2.37819422706,0.0,0.46137397305
2.39169332445,0.0,0.445497104265
2.34082113673,0.0,0.451979091426
2.07153888776,0.0,0.448752248028
2.16004465625,0.0,0.449628169042
2.05385714914,0.0,0.445337032346
2.52498764191,0.0,0.449279332753
2.49480452329,0.0,0.441180995777
2.381962183,0.0,0.4609660311
2.26718864816,0.0,0.463983092506
2.24521388164,0.0,0.462184217435
2.35173996472,0.0,0.450918357572
2.18253823916,0.0,0.452949306024
2.27397788035,0.0,0.444986157811
2.32463976962,0.0,0.456893668944
2.13229072632,0.0,0.447101344735
2.07950497682,0.0,0.427278825805
2.32001518007,0.0,0.462339073406
2.318992694,0.0,0.470769948137
2.37710481303,0.0,0.463121529223
2.3232257846,0.0,0.467284200728
2.39048833537,0.0,0.460728818805
2.44355577581,0.0,0.469589139751
2.44922865196,0.0,0.461468626157
2.4973028897,0.0,0.470450992495
2.37750062161,0.0,0.468396246503
2.45152551767,0.0,0.45452132836
2.35054827913,0.0,0.435712857578
2.42816179023,0.0,0.443663181757
2.38909139072,0.0,0.451557752768
2.30565924722,0.0,0.457412738909
2.46982891282,0.0,0.470941231975
2.31507991028,0.0,0.463178423596
2.42361019848,0.0,0.450618418653
2.58159911898,0.0,0.463648163854
2.45740557366,0.0,0.458866354765
2.4922600145,0.0,0.460954647904
2.49022658083,0.0,0.46131775235
2.47951295306,0.0,0.464821885186
2.16070561729,0.0,0.456401079725
2.42454276632,0.0,0.456664719793
2.2716117453,0.0,0.448305491877
2.47621869562,0.0,0.457461693266
2.48853474715,0.0,0.468542645662
2.44865571354,0.0,0.44748897722
2.23081470363,0.0,0.442500928825
2.32577276921,0.0,0.474301465598
2.35310604145,0.0,0.476082233907
2.58760044869,0.0,0.468697192681
2.5128766626,0.0,0.46759803139
2.31222522475,0.0,0.457193776522
2.41651144774,0.0,0.455831964855
2.52421433668,0.0,0.469849181599
2.44062831443,0.0,0.474984183326
2.36233704625,0.0,0.478884952239
2.4424276535,0.0,0.465413080803
2.40407507152,0.0,0.452047191372
2.36246639028,0.0,0.460315175148
2.29924067507,0.0,0.455935939505
2.21464378894,0.0,0.463189478451
2.46865911701,0.0,0.466410926323
2.50722269209,0.0,0.470464281209
2.53403718401,0.0,0.462769714736
2.48804139949,0.0,0.445289019963
2.34811158537,0.0,0.446822324322
2.31332796339,0.0,0.464795369673
2.53498809125,0.0,0.459573708869
2.36916890947,0.0,0.455724508969
2.53825610462,0.0,0.444216233675
2.54892048241,0.0,0.463804662779
2.37306100231,0.0,0.455154647306
2.28686853521,0.0,0.447162006027
2.39894018482,0.0,0.439567260038
2.49154053175,0.0,0.448602235919
2.23463876285,0.0,0.450179902148
2.59650953666,0.0,0.455493681463
2.45168754007,0.0,0.466504698197
2.29792846244,0.0,0.45659247285
2.30417687225,0.0,0.444853453789
2.12059024017,0.0,0.457678256628
2.19164339186,0.0,0.451237634862
2.50861412334,0.0,0.460164263213
2.54580720954,0.0,0.468640911028
2.36598954655,0.0,0.462055148801
2.36296336756,0.0,0.454844231678
2.30747088852,0.0,0.453747939898
2.34218873045,0.0,0.452411427716
2.36116406555,0.0,0.452922583528
2.21297789851,0.0,0.456322223865
2.18157191574,0.0,0.4427045524
2.36689687107,0.0,0.460279755535
2.48949971138,0.0,0.450933078687
2.28776296678,0.0,0.445794971766
2.16914879176,0.0,0.440069626892
2.08829973054,0.0,0.433218601449
2.21196396351,0.0,0.454160660814
2.34157945525,0.0,0.458754535495
2.56978439858,0.0,0.456042484545
2.51354595656,0.0,0.436499492334
2.25726572239,0.0,0.452794341578
2.32094619229,0.0,0.455136172862
2.36154849832,0.0,0.465257925394
2.35676502698,0.0,0.45077410326
2.58246045335,0.0,0.453305885312
2.34283015384,0.0,0.443823634299
2.68714703419,0.0,0.466593413605
2.44419594775,0.0,0.474210186772
2.41188801435,0.0,0.4679692182
2.41227766033,0.0,0.473159122502
2.61028796817,0.0,0.463785421019
2.44257943491,0.0,0.465715608961
2.52917073532,0.0,0.459001735074
2.52966124973,0.0,0.46231175635
2.60298002977,0.0,0.462599292113
2.59798238548,0.0,0.463113381374
2.410027908,0.0,0.474039871084
2.45843570212,0.0,0.475835273531
2.32460903264,0.0,0.468357483457
2.18602234067,0.0,0.454497367678
2.29110301581,0.0,0.459167460794
2.25584987956,0.0,0.455426539734
2.18854669917,0.0,0.46321113581
2.30694690915,0.0,0.47176281428
2.63399117603,0.0,0.472835252571
2.45357979051,0.0,0.464884301787
2.45167233539,0.0,0.469440691387
2.32578557081,0.0,0.477272872405
2.43616174662,0.0,0.476664784651
2.31951868769,0.0,0.476609391014
2.52109247237,0.0,0.470068170036
2.45979776131,0.0,0.476508336379
2.44972650382,0.0,0.469349423694
2.66979750641,0.0,0.4714222717
2.5909525568,0.0,0.476649812391
2.51241958626,0.0,0.480140413027
2.57594108811,0.0,0.473017053477
2.80277878016,0.0,0.468167225482
2.52596065388,0.0,0.453373619133
2.37617992155,0.0,0.463135126033
2.21833590166,0.0,0.459947522278
2.58219106241,0.0,0.474539532391
2.65353574303,0.0,0.470447947494
2.74045806392,0.0,0.457941917567
2.35461987143,0.0,0.469358432685
2.56698633625,0.0,0.460404423741
2.59665412444,0.0,0.457017298414
2.41214088058,0.0,0.475748155018
2.46587485026,0.0,0.473424057947
2.39554751202,0.0,0.464983714583
2.54681986641,0.0,0.464969175797
2.55240953642,0.0,0.459828923803
2.27578269426,0.0,0.458767830613
2.38933318276,0.0,0.453619701655
2.3174536602,0.0,0.453773932686
2.28496065326,0.0,0.45555343445
2.60439680476,0.0,0.467053027513
2.48137006063,0.0,0.475194652002
2.38036913393,0.0,0.471427319437
2.41163801353,0.0,0.469344044191
2.56655693991,0.0,0.460815805466
2.49275182115,0.0,0.45825266284
2.44985804341,0.0,0.475463608227
2.52840869807,0.0,0.475839254855
2.42116227998,0.0,0.474351540983
2.66442172792,0.0,0.46276419948
2.67803628304,0.0,0.468872983567
2.44036180868,0.0,0.463830546882
2.4210828679,0.0,0.481062738645
2.40683789576,0.0,0.47364063775
2.40623860594,0.0,0.465955102352
2.32746191408,0.0,0.46273568635
2.45315272317,0.0,0.474506411166
2.39172904046,0.0,0.46588346799
2.34419882277,0.0,0.462759048625
2.48023989835,0.0,0.480631458771
2.56960719313,0.0,0.46921743619
2.43920725596,0.0,0.46529583884
2.70442497053,0.0,0.474544879947
2.7961040508,0.0,0.473588288611
2.50357499435,0.0,0.471092125974
2.48134956329,0.0,0.471983886233
2.54765533583,0.0,0.460372378246
2.60719788668,0.0,0.447858849923
2.90832381427,0.0,0.455593092115
2.66486605055,0.0,0.438768651598
2.31642921656,0.0,0.461867967458
2.76938946361,0.0,0.4778431393
2.73379403254,0.0,0.476354210079
2.74313432297,0.0,0.483552329486
2.83344363483,0.0,0.485290504113
2.83661040826,0.0,0.4815501148
2.60676779868,0.0,0.475747924998
2.41849907572,0.0,0.468211764
2.5851233914,0.0,0.458004935669
2.55549627147,0.0,0.453557529747
2.36795698185,0.0,0.451237958389
2.62588539968,0.0,0.457531195621
2.50501676719,0.0,0.465802969412
2.4662816527,0.0,0.468795544649
2.56776034323,0.0,0.46185350261
2.68724643296,0.0,0.455340935551
2.58266243586,0.0,0.474127791793
2.72058204178,0.0,0.472911822101
2.69779467977,0.0,0.458700027683
2.74098866592,0.0,0.459078241874
2.71099007378,0.0,0.470000088186
2.57638512387,0.0,0.459427048979
2.42114980763,0.0,0.463271959402
2.38700141424,0.0,0.466508323393
2.22922998383,0.0,0.456435390644
2.33725665417,0.0,0.456843887755
2.4014438383,0.0,0.481388593873
2.44980563043,0.0,0.472793447301
2.51426726731,0.0,0.459073596201
2.56203958406,0.0,0.463828875132
2.37025814337,0.0,0.450530789563
2.34656361557,0.0,0.464986029847
2.38237534814,0.0,0.456473557289
2.31142114054,0.0,0.468109049474
2.45802369828,0.0,0.468189557533
2.71021386892,0.0,0.475040696161
2.4731436223,0.0,0.473357999356
2.551953566,0.0,0.482309657865
2.39776905992,0.0,0.482630934973
2.58139740079,0.0,0.473851776431
2.43168955148,0.0,0.46900428542
2.47288550657,0.0,0.483065229424
2.54293434414,0.0,0.48109580907
2.45290777197,0.0,0.477351931207
2.58886096488,0.0,0.467311622587
2.81043547303,0.0,0.458704573154
2.59179037421,0.0,0.473864982312
2.7175615323,0.0,0.486638362286
2.69027243881,0.0,0.48540822691
2.60177917374,0.0,0.480037621284
2.57107601996,0.0,0.479083520311
2.58319552974,0.0,0.476779163624
2.59002567716,0.0,0.478910892712
2.64935420912,0.0,0.469796734199
2.65472353454,0.0,0.457033283476
2.47551496625,0.0,0.456413264185
2.64605091686,0.0,0.470169968734
2.69177246344,0.0,0.461918246619
2.56602968874,0.0,0.47257130068
2.60462323496,0.0,0.465054075619
2.55440643155,0.0,0.465876579905
2.51180424555,0.0,0.469866412269
2.69636923255,0.0,0.486137836426
2.71840684934,0.0,0.481326208344
2.51305873621,0.0,0.477053635509
2.69666416293,0.0,0.479083372323
2.72602718747,0.0,0.490232715746
2.76853434877,0.0,0.485003860209
2.7711922307,0.0,0.484621765747
2.75214502491,0.0,0.483973122997
2.59747515874,0.0,0.477592249374
2.70332453592,0.0,0.471615539515
2.56939821108,0.0,0.46791789177
2.43316631283,0.0,0.470283059416
2.36451156916,0.0,0.47465331328
2.57933463427,0.0,0.472041128087
2.62543010157,0.0,0.473834832579
2.53480283896,0.0,0.481764575882
2.54615221721,0.0,0.478984408847
2.48096692378,0.0,0.483674567707
2.64859630626,0.0,0.479599032005
2.4542667421,0.0,0.472943227752
2.4980534078,0.0,0.480758609333
2.64923059633,0.0,0.478902650433
2.74949132913,0.0,0.472583889692
2.7999660827,0.0,0.480984086448
2.66424320367,0.0,0.481421870196
2.6066004634,0.0,0.486129801605
2.92295443938,0.0,0.483289437315
2.70393582488,0.0,0.483641036562
2.60811913116,0.0,0.481717849811
2.8514371051,0.0,0.472100781991
2.65148409731,0.0,0.47475291106
2.57574729261,0.0,0.46538197111
2.58054596425,0.0,0.46921168356
2.79629734557,0.0,0.481795841788
2.61384084376,0.0,0.476112186577
2.50264020264,0.0,0.474191914811
2.55453312764,0.0,0.470998117028
2.53967289897,0.0,0.478671081677
2.48789782417,0.0,0.473375574928
2.77254360098,0.0,0.476204655529
2.60574720123,0.0,0.469252898524
2.50247014462,0.0,0.467208450579
2.48370292713,0.0,0.461729017823
2.50487629081,0.0,0.472890808952
2.573906205,0.0,0.46691358731
2.72792382169,0.0,0.477453311118
2.57803520853,0.0,0.471095735458
2.8923590022,0.0,0.472669741095
2.84963418212,0.0,0.484096134684
2.75228375034,0.0,0.484462740432
2.49416954162,0.0,0.476796704181
2.68452680934,0.0,0.46870278652
2.60445354132,0.0,0.476047339342
2.47127591532,0.0,0.474340975726
2.67882387376,0.0,0.474335071196
2.98754169263,0.0,0.462226331674
2.83674789039,0.0,0.475492297949
2.57434692135,0.0,0.472893867526
2.71986807742,0.0,0.464224249746
2.8935573969,0.0,0.484230321462
2.74165550477,0.0,0.488067550888
2.88102785941,0.0,0.487303493037
2.77716699504,0.0,0.48166961622
2.81552450527,0.0,0.482927951034
2.83422233233,0.0,0.485304523773
2.77102207278,0.0,0.478638411512
2.54933220724,0.0,0.472044102651
2.67772490439,0.0,0.477573291252
2.57323263948,0.0,0.485963455818
2.58804948865,0.0,0.484534557937
2.77184143061,0.0,0.47970621348
2.71422105488,0.0,0.469794423912
2.53634459357,0.0,0.472776751289
2.54244151124,0.0,0.458396332344
2.71412451645,0.0,0.477021116324
2.78906392393,0.0,0.480401891037
2.79811198995,0.0,0.480071535266
2.82993683337,0.0,0.488767822418
2.89416462076,0.0,0.482684017453
2.79022222648,0.0,0.483321814071
2.80932259526,0.0,0.489337237038
2.90653246641,0.0,0.483287423254
3.09976273125,0.0,0.480313319213
3.29121873228,0.0,0.477676353743
3.00644107445,0.0,0.47104720588
3.17352842418,0.0,0.487159680565
2.80614883882,0.0,0.483040966405
2.77321102254,0.0,0.489180247195
2.61148519891,0.0,0.483735115191
3.02249683673,0.0,0.476524591995
2.8185573411,0.0,0.482086424432
2.86186466293,0.0,0.481950307669
2.47295496485,0.0,0.477701562234
2.65058234429,0.0,0.480643400979
2.97077157738,0.0,0.473668087359
2.99516454519,0.0,0.464825867754
3.00135239245,0.0,0.465915695868
2.58252331628,0.0,0.470498931589
2.51570284937,0.0,0.462570016292
2.44007358012,0.0,0.468743301921
2.52512514108,0.0,0.470008388807
2.52199707906,0.0,0.455392857819
2.51669973476,0.0,0.476856716241
2.69514454757,0.0,0.464699124696
2.83209881434,0.0,0.46526192348
2.79541448298,0.0,0.478327747123
2.6543101416,0.0,0.48832823908
2.73177432207,0.0,0.483858241135
2.68425980014,0.0,0.48563617616
2.48629445688,0.0,0.478712700426
2.73699357936,0.0,0.474456673534
2.60523038661,0.0,0.481005081719
2.65336884393,0.0,0.474281776264
2.6010837831,0.0,0.486442439702
2.8732952881,0.0,0.490062657554
2.84178793217,0.0,0.484205319553
2.77004917235,0.0,0.485665066329
2.55921196211,0.0,0.48420813419
2.82519340188,0.0,0.482672824516
2.75927359138,0.0,0.484127045335
2.97520826682,0.0,0.478897710742
2.94517851339,0.0,0.485616061601
2.61894297607,0.0,0.480796048547
3.00780392669,0.0,0.484260431633
2.85479261534,0.0,0.490230815565
3.0123307093,0.0,0.490360862027
2.96665686173,0.0,0.486082566285
3.13277052438,0.0,0.486706690322
2.72578929785,0.0,0.482856620347
3.07428093868,0.0,0.483980521366
3.13663967319,0.0,0.483679679109
2.7326113068,0.0,0.481480797545
2.92271376686,0.0,0.477550197416
2.96644617012,0.0,0.484370595871
2.89857013634,0.0,0.483039687779
3.09422928707,0.0,0.48470359989
3.10209416678,0.0,0.477948367068
2.84486750947,0.0,0.486638002323
2.70201933399,0.0,0.480514010432
2.85286982504,0.0,0.480932140555
2.68444324704,0.0,0.476477567182
2.89363795642,0.0,0.474207744844
2.903013765,0.0,0.470514941977
2.83552188225,0.0,0.47743296581
2.6912328685,0.0,0.475043469128
2.67185109052,0.0,0.470502905346
2.7903094323,0.0,0.475721401627
2.72997863028,0.0,0.486145836838
2.67336719606,0.0,0.481851980952
2.89826663093,0.0,0.487563019166
2.8445904871,0.0,0.484576193774
2.93393847853,0.0,0.478260645035
2.85856482886,0.0,0.481448361639
2.9885703401,0.0,0.482927640517
2.66269935392,0.0,0.486116199092
2.92559593463,0.0,0.484724606614
2.80262069154,0.0,0.482722628893
2.70534492286,0.0,0.484336088647
3.08110857264,0.0,0.481974919048
2.70648677925,0.0,0.477967977203
2.84097768288,0.0,0.488986069266
3.01291103401,0.0,0.48108012152
2.86636218742,0.0,0.480317773226
2.70845375688,0.0,0.47688639587
3.09858845788,0.0,0.478062148919
2.753453501,0.0,0.483122131568
2.9452774444,0.0,0.47519526361
2.71926769948,0.0,0.474641156807
2.67790783042,0.0,0.484887185373
2.88464093847,0.0,0.478084223159
2.43532229594,0.0,0.469742244154
3.03826269099,0.0,0.473955839643
2.94445932943,0.0,0.483662011207
2.91537462618,0.0,0.474851598357
2.66757663363,0.0,0.473159600415
2.78804367453,0.0,0.47860494696
2.57784145104,0.0,0.479714012617
2.61262819521,0.0,0.48353381988
2.71008203653,0.0,0.473991312561
2.75871856976,0.0,0.486353781674
2.70900330366,0.0,0.480526170553
2.99988267009,0.0,0.478385738551
2.95356221605,0.0,0.485985811658
2.97007738105,0.0,0.486698964117
3.04525019462,0.0,0.47848012771
2.89304512353,0.0,0.483555481493
3.12160234013,0.0,0.485610585542
2.89618438971,0.0,0.491189648421
2.59847369902,0.0,0.488105750435
2.74330244225,0.0,0.485633225874
3.189421064,0.0,0.478926944245
2.93464131571,0.0,0.480643909795
2.95716750055,0.0,0.481095655199
2.86616384325,0.0,0.486931536052
2.68809462785,0.0,0.482267467218
2.71012037659,0.0,0.485133403719
3.06064130137,0.0,0.487736211465
3.21765594975,0.0,0.48375281361
2.88185832035,0.0,0.479503449475
3.04145165466,0.0,0.489395984892
2.82915055928,0.0,0.485685211098
2.83697440103,0.0,0.485296174431
3.27909087759,0.0,0.495879036386
2.9663711935,0.0,0.494346461385
2.86748531509,0.0,0.491552959914
2.82094193275,0.0,0.490531514597
2.67766985019,0.0,0.494922651665
2.74530611553,0.0,0.491046043785
2.92882238293,0.0,0.488246863025
2.87156037665,0.0,0.484530910296
3.08607216784,0.0,0.487178271997
2.76055909341,0.0,0.483040365888
2.91813767675,0.0,0.483661162838
2.89489997115,0.0,0.486994081965
2.75671916811,0.0,0.488197617304
2.68936666018,0.0,0.49436056703
2.76381098017,0.0,0.491758836928
3.11615410952,0.0,0.487290295698
3.2492362094,0.0,0.481276927424
3.1666455193,0.0,0.486470416595
3.09917509165,0.0,0.478409041231
3.11888933906,0.0,0.479070385901
2.9555154048,0.0,0.48308685178
2.98799213516,0.0,0.481928787764
3.06021263347,0.0,0.482017168037
2.83348736853,0.0,0.48651670359
2.8523459247,0.0,0.485217933541
3.05387486891,0.0,0.493209676322
3.06200076806,0.0,0.489981231306
2.71620318036,0.0,0.484638187971
2.72716879579,0.0,0.486801274662
2.70801083453,0.0,0.479184086316
2.78084138863,0.0,0.477376764056
2.80508472903,0.0,0.488025880168
3.04362919087,0.0,0.483074387754
2.86452573757,0.0,0.480300043934
3.0588325054,0.0,0.489218217675
3.18828649839,0.0,0.484330497807
3.14270469607,0.0,0.484879248724
3.04540706141,0.0,0.485137152429
2.89517358715,0.0,0.48328978539
3.04201011823,0.0,0.483034359819
2.70520513507,0.0,0.491417130816
3.01352207168,0.0,0.488419702978
3.2725405313,0.0,0.479564598762
3.02391426371,0.0,0.487608768191
3.33135315487,0.0,0.484734526496
3.11868976241,0.0,0.4816381865
3.26728193819,0.0,0.485545634726
3.15279393815,0.0,0.490878884545
3.17046183037,0.0,0.493416313669
2.94953089544,0.0,0.494661886655
3.16239106884,0.0,0.492903526221
3.09473502408,0.0,0.490896207794
2.9486373689,0.0,0.4897172505
3.18647352251,0.0,0.487525837278
3.07037732022,0.0,0.490567661422
3.29196390188,0.0,0.494925402149
3.02119029191,0.0,0.49677294515
3.20087722769,0.0,0.494999602665
3.08962028815,0.0,0.493446871327
3.15527535588,0.0,0.491801821864
3.16229931859,0.0,0.494947499675
3.31712434737,0.0,0.491317563968
3.07991955303,0.0,0.496522997735
3.19168748216,0.0,0.494725654209
3.22311637268,0.0,0.491159425293
2.95444906703,0.0,0.487693432039
3.43484385385,0.0,0.488298025363
3.16773917628,0.0,0.486588513498
4.03631437914,0.0,0.488645416466
3.40601450467,0.0,0.493264307494
3.24296141827,0.0,0.491952807961
3.39946812133,0.0,0.492656876088
3.28194207148,0.0,0.49700872094
3.30045160482,0.0,0.496345507301
3.11407041218,0.0,0.49480517117
3.30940140996,0.0,0.491789073118
3.13719803104,0.0,0.494498177086
3.17020139941,0.0,0.491484680069
3.16378891539,0.0,0.489524068258
3.22495974191,0.0,0.487676037778
3.26904234985,0.0,0.480162237638
2.95380333007,0.0,0.484106642394
2.98488518779,0.0,0.477830866212
3.13323496709,0.0,0.485493261008
2.88134072646,0.0,0.491353803423
2.94318314598,0.0,0.489621427214
3.01473121565,0.0,0.487585746243
2.54548873199,0.0,0.48648089743
2.64392083496,0.0,0.482364166545
2.7252124325,0.0,0.481139937488
3.12432217129,0.0,0.48546466957
3.39658050371,0.0,0.483450382654
2.92545859312,0.0,0.486554937019
2.92089066668,0.0,0.486665549586
2.86719720426,0.0,0.494374623268
3.07537933236,0.0,0.492218034148
2.97212551395,0.0,0.488661225879
2.95622096315,0.0,0.488639957404
2.91641254629,0.0,0.484448394383
3.02279546146,0.0,0.483743030703
2.71604442326,0.0,0.492292231308
3.075593338,0.0,0.490884183199
3.06236740873,0.0,0.485332246032
3.17587948426,0.0,0.487501490578
2.8313999476,0.0,0.485220621257
2.84456885031,0.0,0.48895869001
3.15834884073,0.0,0.491290897013
3.01445997945,0.0,0.492567885009
3.014178939,0.0,0.490950878158
3.13384794332,0.0,0.493443084025
2.907870349,0.0,0.494326899862
2.73133712479,0.0,0.494624014284
3.16747041669,0.0,0.493311175349
3.29727764785,0.0,0.490184147012
3.21174650546,0.0,0.488948021349
3.15252471185,0.0,0.485861383969
3.04072244062,0.0,0.481126561053
2.98814711472,0.0,0.487229919558
2.90016344881,0.0,0.480101515829
2.97700144155,0.0,0.492056845708
3.02449715612,0.0,0.488525029233
3.03617948671,0.0,0.48887393915
3.04448136923,0.0,0.485224665827
2.82379026095,0.0,0.483750324271
2.89487644752,0.0,0.484810075806
3.1958969912,0.0,0.484290649506
3.22802963212,0.0,0.488839935593
3.066369275,0.0,0.489165045011
3.50881190989,0.0,0.493790571438
3.19871079774,0.0,0.493421046239
3.32235345202,0.0,0.491619333634
2.91949264472,0.0,0.489227089821
3.15177992117,0.0,0.486957688235
2.67785571413,0.0,0.491043693484
3.16221528428,0.0,0.496809803986
3.00528391951,0.0,0.494562058109
2.86932264173,0.0,0.497635116582
2.83547839334,0.0,0.496609756905
3.07639607413,0.0,0.496809420886
2.99726402829,0.0,0.495440638634
3.3789440763,0.0,0.495410395211
3.13327880264,0.0,0.495873714374
3.26414756452,0.0,0.496054544921
2.97219154558,0.0,0.49392838992
3.11291053471,0.0,0.495773272016
3.38042711047,0.0,0.493540034018
3.31658458337,0.0,0.495137801397
3.59180093816,0.0,0.493416931414
3.02410476217,0.0,0.491760607279
3.10989715012,0.0,0.492234328237
2.9405343849,0.0,0.491430528604
2.93012732998,0.0,0.488836226823
2.77936429916,0.0,0.487431169931
3.36870291169,0.0,0.48625551306
3.16441937375,0.0,0.491019942726
2.86585001423,0.0,0.490760499866
2.78292115784,0.0,0.48931175478
2.80475248726,0.0,0.488031279804
3.17203633689,0.0,0.483083495946
3.30673542681,0.0,0.49053924809
3.2543327173,0.0,0.492193403369
3.42410227819,0.0,0.491091053591
3.41117422329,0.0,0.494343669731
2.95692167475,0.0,0.49064525616
3.05061857652,0.0,0.484833768997
3.28568049944,0.0,0.495750267568
3.29929015653,0.0,0.496344749476
3.37419754302,0.0,0.495030470936
3.26301003276,0.0,0.490596112844
3.33900628684,0.0,0.490381867098
2.82764527921,0.0,0.495704530176
3.31244327683,0.0,0.494001462413
3.34543941035,0.0,0.494658735357
3.46527805806,0.0,0.494961989195
3.50665641802,0.0,0.493190574645
3.62821085862,0.0,0.497771205877
3.32202649793,0.0,0.498088650629
3.62276109294,0.0,0.497056206312
3.26697781402,0.0,0.49635374279
3.3473695192,0.0,0.494240808555
3.38777800793,0.0,0.493529689341
3.09672455409,0.0,0.490124277931
3.38996991278,0.0,0.495924115888
2.92625535269,0.0,0.493905696758
3.52217277921,0.0,0.489913503966
3.10630604402,0.0,0.49303615868
3.10651491819,0.0,0.493109937455
3.20967641103,0.0,0.489985019942
3.31005318141,0.0,0.486518405028
3.427418351,0.0,0.493638992862
3.4890419431,0.0,0.493677757713
3.48408154428,0.0,0.494242436524
3.33299876932,0.0,0.495768436123
3.29675965969,0.0,0.495298652045
3.61665385147,0.0,0.49720064107
3.38021329208,0.0,0.495636236104
3.38124312131,0.0,0.496823402685
3.56962532209,0.0,0.496688491886
3.48519996255,0.0,0.495989617301
3.24542074691,0.0,0.494123135946
3.00195451346,0.0,0.492313518462
3.22879188339,0.0,0.491930606569
3.41353174752,0.0,0.48677916842
2.88852062654,0.0,0.488850030101
3.08224809421,0.0,0.495626940696
3.09778057214,0.0,0.492271623632
3.20864204876,0.0,0.493445706882
3.47289222947,0.0,0.492017440533
3.75508832379,0.0,0.490854956317
3.73271689742,0.0,0.487445004161
4.39695513056,0.0,0.489588443177
4.02196765295,0.0,0.494444995841
3.45965482949,0.0,0.495978900983
3.88561983636,0.0,0.493206521258
3.73657763152,0.0,0.490560707138
3.61455780666,0.0,0.497613223292
3.73370509173,0.0,0.496538387481
3.51249875136,0.0,0.492968166826
3.27631997907,0.0,0.490232701194
3.46666273142,0.0,0.493370221028
3.52210156565,0.0,0.491255286112
3.497062862,0.0,0.494703794127
3.99953926983,0.0,0.492275765271
3.56228486773,0.0,0.490692845027
4.04914062966,0.0,0.494520421223
4.26180652783,0.0,0.490955121879
4.09735387178,0.0,0.488499784424
4.0776181181,0.0,0.491144060576
4.02232625495,0.0,0.494955897893
4.1513373651,0.0,0.496786258535
4.2716526431,0.0,0.495614446436
4.05297898548,0.0,0.493498354084
4.74931058189,0.0,0.490685399297
4.24083563204,0.0,0.488142503533
3.76937159485,0.0,0.492559380856
4.01556082056,0.0,0.491109106359
4.11043034946,0.0,0.49737268488
3.86692900593,0.0,0.496811800887
3.7868299209,0.0,0.495840522336
3.39482958057,0.0,0.49522571894
3.83204087269,0.0,0.491906800663
3.39015819389,0.0,0.497701888962
3.69967466688,0.0,0.496401050976
3.86999761279,0.0,0.496020836948
3.78242850053,0.0,0.497054166426
3.73538636049,0.0,0.49703745243
3.94529690208,0.0,0.497160577083
3.58115231595,0.0,0.49781191079
3.25330973028,0.0,0.497169155582
3.48495778535,0.0,0.49592210123
3.68240130229,0.0,0.493681583636
3.61795644903,0.0,0.495385870634
3.61449281964,0.0,0.493959774903
3.45319574729,0.0,0.496753079435
3.30139596252,0.0,0.496368889768
3.4186845954,0.0,0.496461212998
3.50210417163,0.0,0.497572724616
3.81526606384,0.0,0.496215628893
3.29230765957,0.0,0.495856274236
3.10163258017,0.0,0.497093153278
3.44768582097,0.0,0.496058813476
3.46021728918,0.0,0.496517172826
3.44375423299,0.0,0.495433367807
3.15175460846,0.0,0.493940161862
3.1556483559,0.0,0.494081426239
3.55933472013,0.0,0.49236109659
3.65179049148,0.0,0.496852990548
3.18377575587,0.0,0.495359611951
3.43763088883,0.0,0.496532537471
3.50736638959,0.0,0.498634628816
3.89835873084,0.0,0.498188876127
3.67306473547,0.0,0.497224707603
3.21693956483,0.0,0.496416203994
3.04757787973,0.0,0.497800888495
3.50116145415,0.0,0.498451788308
3.23852677755,0.0,0.497898830743
3.77440472726,0.0,0.49700833089
4.42270993573,0.0,0.49669898708
3.74726657919,0.0,0.499460196143
3.58486703384,0.0,0.499490502761
3.96010386053,0.0,0.499195086858
3.56675412226,0.0,0.498826252339
3.73752222889,0.0,0.497999970543
3.65885688354,0.0,0.49696423953
3.91561114644,0.0,0.494850795588
3.87885220087,0.0,0.492672799735
3.62814742192,0.0,0.490448836786
3.55237697429,0.0,0.487876594924
3.62173593204,0.0,0.495469878995
3.31015155299,0.0,0.494754875288
3.32607348441,0.0,0.494577800802
3.62038428734,0.0,0.493627877628
3.69204674202,0.0,0.493849008836
3.73348177682,0.0,0.494928092379
3.35117291862,0.0,0.493468623951
3.2197536768,0.0,0.494531374095
3.66531001854,0.0,0.496280744196
3.47595945893,0.0,0.496996479235
3.68426611599,0.0,0.495596318865
3.6088531609,0.0,0.498050858728
4.33681977718,0.0,0.498508329389
4.22095816956,0.0,0.497648915668
3.81728231766,0.0,0.497153218946
3.64436006186,0.0,0.49648375174
3.61866680778,0.0,0.495091222553
3.45108316073,0.0,0.493342382357
3.55521668252,0.0,0.492318023812
3.32842315492,0.0,0.488197104846
3.54178281844,0.0,0.496790631577
3.59863053938,0.0,0.496924634726
3.53006948647,0.0,0.495979229025
3.31749247867,0.0,0.496999844481
3.30536966153,0.0,0.497455977098
3.40238491521,0.0,0.498603658263
3.22116980411,0.0,0.498507533937
3.6052513468,0.0,0.497376325874
3.47588587469,0.0,0.496343138535
3.13651359456,0.0,0.497535746101
3.23178246794,0.0,0.496505976295
3.24866381933,0.0,0.497947424821
3.83204429744,0.0,0.497561522481
3.59458037119,0.0,0.496762976398
3.5713128632,0.0,0.496730509269
3.61721652081,0.0,0.495373933474
3.35149539905,0.0,0.493376347901
3.27164384688,0.0,0.496013683894
3.40638511429,0.0,0.496291051849
3.64520473463,0.0,0.496750882562
3.73239916895,0.0,0.499445138082
3.71389767774,0.0,0.4991490373
3.63243775696,0.0,0.498821061996
3.6430246055,0.0,0.498043822727
3.73249752583,0.0,0.498184881856
3.56018616068,0.0,0.49723861105
3.55963635238,0.0,0.49712409587
3.29866327684,0.0,0.496210130985
3.1142126797,0.0,0.494455299865
3.50837834481,0.0,0.499033503939
3.61546849467,0.0,0.498391859041
3.53719314359,0.0,0.49805791468
3.94581607588,0.0,0.499321943742
3.76015296202,0.0,0.498891755345
3.43563667189,0.0,0.499267942664
3.3714103367,0.0,0.499555350815
3.58775217604,0.0,0.499311894522
4.1837791524,0.0,0.499023819992
3.96447048522,0.0,0.4983026176
3.92381762969,0.0,0.497920276628
3.60732360336,0.0,0.496989371553
3.61201654916,0.0,0.497355931318
3.87563920177,0.0,0.495280268059
3.73835928899,0.0,0.494317106428
3.81176235525,0.0,0.493670065775
4.36863617757,0.0,0.491414510256
3.91399575277,0.0,0.490062205941
3.71048331914,0.0,0.492508898494
3.73678518177,0.0,0.494466979897
3.62194818534,0.0,0.49247817083
3.30047777773,0.0,0.494423096059
3.67541930648,0.0,0.495780835495
3.68790702134,0.0,0.496259092172
3.70665665014,0.0,0.495822217068
3.43008267573,0.0,0.493504885992
3.69053024251,0.0,0.494532388302
3.75885748302,0.0,0.498872457899
3.6404565656,0.0,0.498441691006
3.5757855858,0.0,0.497683537313
3.44169706204,0.0,0.498201462858
3.4072351303,0.0,0.496946212497
3.53298773128,0.0,0.495880304513
3.6181394693,0.0,0.497648016247
3.8323648719,0.0,0.497553874433
3.99402214787,0.0,0.498043161675
4.52234884101,0.0,0.497235300602
4.11197702502,0.0,0.498228109393
3.72533681079,0.0,0.497701255607
4.11892164373,0.0,0.496872069664
3.65611525439,0.0,0.495454941898
3.94864750261,0.0,0.496266086081
3.82863242715,0.0,0.496162930642
4.09042185081,0.0,0.498180987885
4.08279967808,0.0,0.498988550516
3.90536352505,0.0,0.499681254973
3.63536398095,0.0,0.499584528424
3.61850295646,0.0,0.499345833265
3.57964490993,0.0,0.499083237179
3.57747524734,0.0,0.499229640535
3.93259848493,0.0,0.499471666049
3.80756645642,0.0,0.499228773614
4.09160736418,0.0,0.49930980582
3.73095786977,0.0,0.499009986563
4.16228166194,0.0,0.498471790286
4.46614887991,0.0,0.497683728385
3.91395593485,0.0,0.496944969988
3.97027928348,0.0,0.496738158194
3.83768713685,0.0,0.498922978825
3.8558408543,0.0,0.498483186714
3.94120281959,0.0,0.497112744719
3.70117871048,0.0,0.496266746339
3.47674808594,0.0,0.49477395345
3.82618655233,0.0,0.494353088493
3.70520718583,0.0,0.493685277846
3.83134831639,0.0,0.498800418894
3.77360837223,0.0,0.498334189893
3.52355564107,0.0,0.498743309988
4.04306799797,0.0,0.498632965957
3.83639759933,0.0,0.498273057157
4.08425815092,0.0,0.497401947989
3.84574512918,0.0,0.498158980494
3.94123794946,0.0,0.498963616337
3.80601248541,0.0,0.498750342513
3.49317838812,0.0,0.499709073788
3.81221780711,0.0,0.499574965823
3.81161244976,0.0,0.499378821621
4.0888241927,0.0,0.499178257453
3.91181835963,0.0,0.498783912305
3.72593863196,0.0,0.498329235383
3.47011890345,0.0,0.499310302371
3.72805386387,0.0,0.498809555657
3.99571997683,0.0,0.499454308343
4.20690408549,0.0,0.499157654009
4.29462909076,0.0,0.499069594499
4.255915227,0.0,0.498758149478
4.27263007658,0.0,0.498262912152
4.01034935565,0.0,0.498486725325
4.00663036947,0.0,0.498665855913
4.53804656121,0.0,0.498284662118
3.8776586463,0.0,0.498639792497
3.83498794996,0.0,0.498687997239
3.60060357132,0.0,0.498248726187
3.88591784776,0.0,0.497386292012
3.94872741097,0.0,0.499451519212
3.97184822705,0.0,0.499261706408
3.96959276127,0.0,0.498804958279
4.14789054797,0.0,0.498215298571
3.96679211608,0.0,0.499587315028
3.7676972504,0.0,0.499442801602
3.5209916603,0.0,0.499205749898
3.57400036737,0.0,0.498598262893
3.71145248203,0.0,0.497550789696
3.77016005217,0.0,0.497997871167
4.30538997277,0.0,0.497152690334
4.5823595918,0.0,0.497201049502
4.33223218783,0.0,0.498937617461
4.27818784234,0.0,0.498589592626
4.45644052953,0.0,0.499287028704
3.82860368649,0.0,0.499207644759
3.59861350883,0.0,0.498768476445
3.97592077274,0.0,0.498177718866
3.79246974707,0.0,0.499531613226
3.71062172883,0.0,0.499304160963
3.9731303659,0.0,0.499201397813
4.07630692144,0.0,0.499329734311
3.79561499752,0.0,0.49917473489
3.76476326183,0.0,0.498850522825
3.75052605582,0.0,0.498696129598
4.07110204277,0.0,0.499792617483
3.95745326689,0.0,0.499700223499
4.24557310905,0.0,0.499520490841
4.21821582746,0.0,0.49940109611
4.29119487596,0.0,0.498997882811
3.86671788509,0.0,0.499105115276
3.87418499796,0.0,0.498565353587
3.88604775634,0.0,0.498081272615
4.02136695198,0.0,0.496361918487
3.94242045612,0.0,0.496193460392
4.13725303322,0.0,0.499595305292
3.71155814024,0.0,0.4994431356
3.73650120042,0.0,0.499106963912
4.1402069485,0.0,0.498565320525
4.18148414687,0.0,0.497939269129
3.83332883404,0.0,0.499115266468
4.13852281383,0.0,0.49851071548
4.17365788327,0.0,0.497887581034
3.95052325759,0.0,0.496905052343
4.18704411165,0.0,0.497620360804
3.83188942734,0.0,0.499101147906
3.60558078492,0.0,0.498723958103
3.69229776072,0.0,0.49899673214
3.99997082796,0.0,0.498764815444
4.08999361558,0.0,0.498370069285
3.74186495346,0.0,0.497531230861
3.60599699065,0.0,0.499787501401
4.20258179886,0.0,0.499794057536
4.2666088124,0.0,0.499673280885
3.62869667685,0.0,0.499538621928
3.84828486733,0.0,0.499258412879
3.94848263991,0.0,0.498814260679
4.43513351769,0.0,0.498381823566
4.36534992452,0.0,0.498026813744
4.03015837105,0.0,0.499264887953
4.17814332757,0.0,0.499422287392
3.92345634057,0.0,0.499255698225
4.01233492516,0.0,0.499332541559
3.86626971303,0.0,0.499070518883
4.16166532963,0.0,0.498533842215
4.00579834166,0.0,0.49810774964
3.69176400312,0.0,0.498814341684
4.04539832696,0.0,0.498193673227
4.40005510872,0.0,0.496452597105
4.19558467561,0.0,0.49663883094
4.29596272074,0.0,0.499237547407
3.96752083747,0.0,0.499134558323
4.08530345016,0.0,0.499131783596
4.01990435007,0.0,0.498720371282
3.71772055607,0.0,0.498999703275
4.18721056301,0.0,0.499000300936
4.6030691218,0.0,0.498653079561
4.08727452561,0.0,0.499675015083
4.07646326507,0.0,0.499502068308
3.81218053021,0.0,0.499677209497
4.20333586273,0.0,0.49953093951
4.49026319829,0.0,0.499438979052
4.47150118431,0.0,0.499357074361
4.44636898885,0.0,0.499703554586
4.06681027046,0.0,0.499837388537
4.06248168456,0.0,0.499763450994
3.92299437781,0.0,0.499644076062
4.112154045,0.0,0.499526397403
4.6527628296,0.0,0.499254698069
4.15665306364,0.0,0.499161576621
3.68839110556,0.0,0.49925023775
3.81560626788,0.0,0.499442695929
3.92896304424,0.0,0.49934966722
4.64682920781,0.0,0.498915533592
4.40628787313,0.0,0.499737396227
4.20391362061,0.0,0.499664149656
4.88551884609,0.0,0.499565536218
4.34267140623,0.0,0.499563038557
4.38090208395,0.0,0.49953800387
4.28706608806,0.0,0.499473363682
4.04682923053,0.0,0.499225951933
3.73627639142,0.0,0.499069534182
3.58060279205,0.0,0.49871856229
3.98672069528,0.0,0.499725853618
4.10392203258,0.0,0.499616097086
4.06861589806,0.0,0.499496987073
4.22230819758,0.0,0.499344612581
3.97694052463,0.0,0.499111537803
4.48542290165,0.0,0.498951575655
4.31722005102,0.0,0.498910285231
5.10395316001,0.0,0.49959770772
4.25194619857,0.0,0.499513956836
4.51552371356,0.0,0.499350221241
4.27042891365,0.0,0.499619430355
3.84031730966,0.0,0.499751141496
3.8363393721,0.0,0.499586954622
4.09515774817,0.0,0.499409264302
4.22864500873,0.0,0.499410574414
4.42664959261,0.0,0.499229695038
4.29390142432,0.0,0.499060142614
4.50622280967,0.0,0.498244001273
4.28057599259,0.0,0.499413322507
5.18513624128,0.0,0.499076725273
4.79667861062,0.0,0.49868537312
4.41089589327,0.0,0.499789999572
4.55059517796,0.0,0.499654891988
4.45580032621,0.0,0.499418291146
4.59472817102,0.0,0.499374770424
4.944360438,0.0,0.499539677931
4.76236644575,0.0,0.49938067799
4.75857647539,0.0,0.498896541185
4.49661724892,0.0,0.498487923085
4.27009897664,0.0,0.498997713781
4.3718562807,0.0,0.49913515341
5.2797582977,0.0,0.499873672082
5.30771295232,0.0,0.499855496181
5.36182759758,0.0,0.49978534423
4.90545107209,0.0,0.499708719617
4.93991001834,0.0,0.499680831658
5.1559778807,0.0,0.499705437186
5.10878650111,0.0,0.499624198134
4.76448619822,0.0,0.499158701975
5.01863716667,0.0,0.49899346244
5.42180279615,0.0,0.499398751977
4.79582396451,0.0,0.499727986263
4.97386531791,0.0,0.499766141428
4.8397346214,0.0,0.499664684743
4.57154207922,0.0,0.499766181996
4.76283805819,0.0,0.499823748205
4.53025763615,0.0,0.499813285557
4.86459369392,0.0,0.499985725861
4.79145140015,0.0,0.499973972535
5.09622289109,0.0,0.499959264692
4.43887846358,0.0,0.499944115813
5.47819094484,0.0,0.499914161034
4.98195652716,0.0,0.499880042585
4.99615263445,0.0,0.499812420282
4.24227649555,0.0,0.499742042261
4.17348263195,0.0,0.499811616361
4.39089945749,0.0,0.49977371958
4.82586086522,0.0,0.499628087884
4.28914115005,0.0,0.49944424092
4.74811939017,0.0,0.499201456683
4.61593254257,0.0,0.499254318613
4.38759358843,0.0,0.498878188216
4.85108524786,0.0,0.498240834151
4.23211423526,0.0,0.497256386229
5.42811752815,0.0,0.495362965606
5.39644806773,0.0,0.499013984881
4.49781862071,0.0,0.498421568965
4.90055422273,0.0,0.498112329625
4.92943305812,0.0,0.497222173359
4.85677572162,0.0,0.497860158706
4.91578504091,0.0,0.496727877714
4.80489853689,0.0,0.497449197184
4.28029574547,0.0,0.498629008323
4.36843869007,0.0,0.49786691283
4.74011900263,0.0,0.499896040098
4.40067785532,0.0,0.499846050028
4.37364779996,0.0,0.499751689542
5.12784317122,0.0,0.49973677516
5.3328470602,0.0,0.499567498679
6.29614857395,0.0,0.499431218033
5.08184154705,0.0,0.499166196754
4.19123186589,0.0,0.499200431448
4.17854693113,0.0,0.499586547346
4.54182666216,0.0,0.49921099385
4.64895957427,0.0,0.498783840845
5.66346689414,0.0,0.498455155733
5.61370956669,0.0,0.499887088235
5.70265850823,0.0,0.499859809594
5.08385472616,0.0,0.499817231389
5.61746445315,0.0,0.499617988271
6.19696098487,0.0,0.499397342968
5.07473160368,0.0,0.499063003708
5.31311952498,0.0,0.499188880368
5.80723000049,0.0,0.498845848502
5.65918508694,0.0,0.498398055509
5.32270095725,0.0,0.497800577397
5.86598909835,0.0,0.499368866198
4.94493056136,0.0,0.499491745026
4.78985745731,0.0,0.499239489939
5.62951271695,0.0,0.498873231659
4.90413439404,0.0,0.498176511571
4.84820008388,0.0,0.499091616084
4.87336577004,0.0,0.498765644594
4.60774744749,0.0,0.498445023262
4.24266723225,0.0,0.497103601661
5.00662629394,0.0,0.499724434016
4.76444871924,0.0,0.499653607085
4.72312068526,0.0,0.499690805574
4.33173790389,0.0,0.499584106247
4.37174464021,0.0,0.499473537324
4.72410257479,0.0,0.499311399845
5.33657678165,0.0,0.499188715901
4.59705318345,0.0,0.499062212306
4.12453721856,0.0,0.499129601983
5.00409490522,0.0,0.498713519668
5.54539336938,0.0,0.499819838977
4.75477429858,0.0,0.49970387917
5.16730010522,0.0,0.499560860873
5.28997734677,0.0,0.499341062728
4.82215038475,0.0,0.499076400762
4.3169262036,0.0,0.498816871268
4.59676326095,0.0,0.499971489219
4.65376460923,0.0,0.499959886189
4.30166292774,0.0,0.499943692235
4.6644784762,0.0,0.499915847837
4.74327595799,0.0,0.499890094143
5.36344872662,0.0,0.499826432535
5.45121928818,0.0,0.499744838382
5.76087908384,0.0,0.499618290423
4.85548927266,0.0,0.499515063082
4.80191194536,0.0,0.499314207047
5.31451337019,0.0,0.499861025657
6.0158456392,0.0,0.499824027237
5.35255984564,0.0,0.499732605574
5.83785762833,0.0,0.499593813995
5.09448442242,0.0,0.499743508387
4.95965455191,0.0,0.499694676739
5.75280635374,0.0,0.499371850023
5.48491849441,0.0,0.498784037061
4.65184658151,0.0,0.499075217031
4.17949292989,0.0,0.498867060503
4.45976279127,0.0,0.499636771356
4.66409919534,0.0,0.499521454723
4.89139833728,0.0,0.499283206574
4.19443537982,0.0,0.499608441262
4.66946202798,0.0,0.49977571741
4.26514155734,0.0,0.499730113119
4.59250156951,0.0,0.49952538518
4.93087468424,0.0,0.499760951211
5.20482960324,0.0,0.499625935369
4.90613539313,0.0,0.499533788332
5.403115853,0.0,0.499252495285
5.52081757659,0.0,0.499653269067
5.11749670184,0.0,0.499807092895
5.02268132837,0.0,0.499731282969
5.0231732559,0.0,0.4996074423
5.42342182534,0.0,0.499275883135
5.42124551904,0.0,0.498962078489
5.58400540581,0.0,0.499908456347
5.88440090482,0.0,0.499870310081
5.75192573126,0.0,0.499793694704
5.01913545454,0.0,0.499701182039
5.4475289972,0.0,0.499436114746
4.8652510312,0.0,0.499634570231
5.67139964819,0.0,0.499935032926
5.27149854995,0.0,0.499961356711
5.13905445616,0.0,0.499981779451
5.93496406139,0.0,0.499973569488
4.68579870175,0.0,0.499960080689
5.41856761,0.0,0.499942747989
5.46641323434,0.0,0.499911805239
5.19831427269,0.0,0.499875265257
5.06594011762,0.0,0.499994594274
5.13763145941,0.0,0.499992445248
4.89338044353,0.0,0.499988066807
5.58508934959,0.0,0.499979755797
5.06785151698,0.0,0.499971510704
5.38820156168,0.0,0.499959376597
5.67062572064,0.0,0.4999751942
5.01911818333,0.0,0.499967667995
5.27785616559,0.0,0.499952251683
6.07098099976,0.0,0.499974589789
5.81014402861,0.0,0.499958244294
5.43308499156,0.0,0.49994284631
6.09640297657,0.0,0.499899009174
6.4700171753,0.0,0.499988840311
5.51181425135,0.0,0.499980467788
5.84183081342,0.0,0.499971338755
4.93382770628,0.0,0.499958832974
5.4234770141,0.0,0.499921023202
6.21896596807,0.0,0.499972466512
6.69929515,0.0,0.499953237487
7.18611691254,0.0,0.49994730282
7.29960161835,0.0,0.499916306333
6.91584289791,0.0,0.499888495047
6.1877334319,0.0,0.499858851831
6.33465137289,0.0,0.499749883351
6.39394681822,0.0,0.499681908736
5.19480950439,0.0,0.499598304135
4.88728395461,0.0,0.499586445542
4.70640348925,0.0,0.499210779184
4.93790604956,0.0,0.49978038552
5.5444082905,0.0,0.499909963836
5.94844111269,0.0,0.499853777361
5.17028279317,0.0,0.499751633601
5.3357768675,0.0,0.499881751522
5.6495147956,0.0,0.499837870399
5.06912738461,0.0,0.499751626717
5.22435908527,0.0,0.499624077842
5.05445744705,0.0,0.499379149356
4.97184517637,0.0,0.499910686649
5.27736148506,0.0,0.499989486277
5.87046064106,0.0,0.499981467115
5.15726655258,0.0,0.499976446394
5.62911452408,0.0,0.499962347729
6.47063675358,0.0,0.499937941742
5.72791958074,0.0,0.499907486065
5.8509185982,0.0,0.499893920863
5.65729062429,0.0,0.499815117673
6.01863282267,0.0,0.49970924718
5.28534537677,0.0,0.499603842002
6.02863393416,0.0,0.499667993073
6.67714888622,0.0,0.499694161624
6.14577084909,0.0,0.499995033235
6.27554592281,0.0,0.499993580026
5.65325420057,0.0,0.49999194494
6.17974721821,0.0,0.499989050795
5.3803835921,0.0,0.499985718582
5.65793597827,0.0,0.499970841996
5.72081464308,0.0,0.499992686509
5.70418160511,0.0,0.499988916267
5.78691999465,0.0,0.499979936325
7.05631687197,0.0,0.499999188428
6.73733384279,0.0,0.499998520697
5.61992526299,0.0,0.499998109498
5.9671562295,0.0,0.499997226367
6.70942447637,0.0,0.499998883729
5.57629824939,0.0,0.499999830732
5.57844180915,0.0,0.499999731882
6.39921080496,0.0,0.499999492032
6.53754540804,0.0,0.499999361717
5.9308194529,0.0,0.499999413173
6.00981708415,0.0,0.499998815099
5.43243924212,0.0,0.499997847825
5.32968420357,0.0,0.49999617914
6.30528998035,0.0,0.499997877818
6.44173332366,0.0,0.499997292287
6.23872908381,0.0,0.499994986766
6.24400535517,0.0,0.499991048583
6.59026434017,0.0,0.499982826064
6.69720867222,0.0,0.499993923698
5.24966074732,0.0,0.499996977887
5.85468104822,0.0,0.499995293183
8.15470578791,0.0,0.4999912384
7.31937350277,0.0,0.49999627566
6.1758577419,0.0,0.499994339582
6.44956985135,0.0,0.49998963028
7.20728269303,0.0,0.499989836639
6.74557656776,0.0,0.499986593551
6.59440036047,0.0,0.499981617073
6.26819536854,0.0,0.499974916259
7.29750441438,0.0,0.499959103318
6.34911338742,0.0,0.499939779278
5.7120789309,0.0,0.499990910342
5.82562149721,0.0,0.499986972572
5.20524950944,0.0,0.499996082087
5.61476080834,0.0,0.499994538697
5.68254590244,0.0,0.499991333876
6.58563215173,0.0,0.499985135547
6.36233990846,0.0,0.499991464599
6.16358062475,0.0,0.499984125304
6.7813122599,0.0,0.499976258062
5.91991792819,0.0,0.499962075755
6.77421304764,0.0,0.499949453502
6.03003722341,0.0,0.499934173231
6.53046205079,0.0,0.499967908846
5.87160073731,0.0,0.499991725827
6.03099497571,0.0,0.499987926389
5.65300614773,0.0,0.499988235394
5.68740407386,0.0,0.499991795359
6.00423151239,0.0,0.499987259008
6.76767401387,0.0,0.499990575343
6.28718374586,0.0,0.499986302261
6.08735767323,0.0,0.499976461137
6.76472272961,0.0,0.499968851341
5.86416592315,0.0,0.499963247913
5.78584313235,0.0,0.49994179574
5.47705515438,0.0,0.49992069713
5.89650012363,0.0,0.499999281323
6.23102000167,0.0,0.499998794779
6.17542463529,0.0,0.499998753691
5.56045015081,0.0,0.499998299994
6.23539099762,0.0,0.499996382523
5.76302469673,0.0,0.499995121987
6.19064273928,0.0,0.499996358899
5.98897714251,0.0,0.499994328181
5.88174062689,0.0,0.499994710502
6.7241057539,0.0,0.499992043979
6.60141637959,0.0,0.499988512896
6.44103425202,0.0,0.499999914392
6.49922480397,0.0,0.499999857027
7.46490694294,0.0,0.499999748031
7.54859198664,0.0,0.499999566988
7.15730148411,0.0,0.499999617481
6.21414755529,0.0,0.499999449983
6.96660263408,0.0,0.499999245525
7.24033410651,0.0,0.499999012637
6.65237018039,0.0,0.499998165037
6.04108432737,0.0,0.499999663657
6.05595735756,0.0,0.499999512475
6.50484480338,0.0,0.499999103514
6.74012527841,0.0,0.499998698665
6.88746826548,0.0,0.499998149024
6.07251284354,0.0,0.499996294484
6.48343783737,0.0,0.499995955274
6.57587851391,0.0,0.499994814626
6.69851387047,0.0,0.499997340031
6.96426914994,0.0,0.499996048613
6.78287321625,0.0,0.499994396816
7.14588473691,0.0,0.499991959515
5.42023295098,0.0,0.499994026075
6.46656627155,0.0,0.499992309491
6.76182470429,0.0,0.499988739585
7.83188446516,0.0,0.499999550121
6.61143053405,0.0,0.499999599231
6.34627516923,0.0,0.499999343738
6.85172206897,0.0,0.499999817967
6.7941978283,0.0,0.499999693646
6.40157833338,0.0,0.499999516054
5.99310189615,0.0,0.499999432803
6.61918249269,0.0,0.499999100679
7.18261650451,0.0,0.49999867465
6.4820625866,0.0,0.499997653387
6.43375352014,0.0,0.499997647846
6.32254456997,0.0,0.499996165685
6.32541572945,0.0,0.499994185513
6.33021251862,0.0,0.499992277414
6.98101340407,0.0,0.499999296904
7.68767639074,0.0,0.499999148092
8.42019823379,0.0,0.499998555037
7.262123628,0.0,0.499998196919
7.18523877664,0.0,0.499996951073
7.5866186369,0.0,0.499996123365
7.24035061595,0.0,0.499994414166
6.60952320077,0.0,0.499990417524
7.76060505454,0.0,0.499982001756
6.26807426646,0.0,0.499987585496
7.28178210392,0.0,0.499983696628
6.17476422826,0.0,0.499979071558
7.29158473831,0.0,0.499965856145
7.36830685614,0.0,0.499945684781
7.24778273024,0.0,0.499926801027
6.64998333671,0.0,0.499970728471
7.09138723611,0.0,0.499963062446
5.85354061945,0.0,0.499998007366
5.86717613224,0.0,0.499996539134
6.35716692093,0.0,0.499993842142
6.12041261866,0.0,0.499993783433
6.53337363091,0.0,0.49999360678
6.74205346686,0.0,0.499996593827
6.3107669807,0.0,0.499995720064
6.69183775253,0.0,0.499994142822
7.35211149792,0.0,0.499988819829
7.06914806205,0.0,0.499985436137
7.65288677207,0.0,0.499978741765
7.01238580396,0.0,0.49996841272
6.99440620693,0.0,0.499959133757
7.24726573956,0.0,0.499936368758
7.00239565725,0.0,0.499905744756
8.15729170344,0.0,0.49992184905
5.54251845594,0.0,0.499952448924
5.56924692655,0.0,0.499913897024
5.64977464642,0.0,0.499975452229
6.47995174082,0.0,0.499990933842
6.29459148891,0.0,0.499985685971
7.78390759229,0.0,0.499980313848
7.62774714279,0.0,0.499969748522
6.90116226882,0.0,0.499992251961
5.70386501807,0.0,0.499987923344
5.79280213761,0.0,0.499978087389
6.64745612519,0.0,0.499998507609
6.52213967499,0.0,0.499999382012
6.61251907075,0.0,0.499999169943
5.88657035875,0.0,0.499998992446
6.47965389608,0.0,0.499998394415
6.26635309855,0.0,0.499997411002
6.33639145943,0.0,0.499996428551
6.46819961258,0.0,0.499993684014
6.07683284301,0.0,0.499989876383
7.81550342334,0.0,0.499994807114
6.61639051486,0.0,0.499992949362
6.69247122059,0.0,0.499987437541
6.16608632181,0.0,0.4999833985
6.89569645479,0.0,0.499976480124
7.37462882646,0.0,0.499965544745
7.06345758999,0.0,0.499993973979
6.5209906563,0.0,0.49998973563
6.81523609407,0.0,0.499984223525
5.93653926668,0.0,0.499996268512
5.89540244306,0.0,0.499998845309
5.83783830681,0.0,0.499998134208
5.85963324993,0.0,0.499999912969
6.06357266355,0.0,0.499999931616
6.06657759508,0.0,0.499999884998
5.6857667448,0.0,0.499999792024
6.08702047552,0.0,0.499999705469
7.3481041284,0.0,0.499999527099
7.09169249039,0.0,0.499999303206
6.09890788092,0.0,0.499999849553
6.00456350233,0.0,0.499999787585
7.086880754,0.0,0.499999626742
7.21142457436,0.0,0.499999410922
6.52293606482,0.0,0.499999032885
6.64549662583,0.0,0.499999736865
6.7695919184,0.0,0.499999610074
7.23042941057,0.0,0.499999337779
7.36275471014,0.0,0.499998956278
7.37405639947,0.0,0.499997920486
6.71761540937,0.0,0.499998281614
7.14694335461,0.0,0.499999040552
7.53936054856,0.0,0.499998549397
7.71481553869,0.0,0.499999858236
7.17045189335,0.0,0.499999776113
6.28057431787,0.0,0.499999632472
7.32483212366,0.0,0.499999392388
7.17715618776,0.0,0.499998926659
7.95278991319,0.0,0.499998615612
7.53245086424,0.0,0.499999420609
7.05503807534,0.0,0.499999289764
7.26233927597,0.0,0.499998952015
6.78607622836,0.0,0.499998374546
6.95665369212,0.0,0.49999681334
7.80615785051,0.0,0.499999977594
8.19571003205,0.0,0.499999971823
8.67379204848,0.0,0.499999942683
7.68285980715,0.0,0.499999928624
7.58364039989,0.0,0.499999848237
8.68238683115,0.0,0.49999972154
8.08259431044,0.0,0.499999457414
9.26213057872,0.0,0.499999314534
8.53264658613,0.0,0.499999167247
8.29800505526,0.0,0.49999877196
8.25081976899,0.0,0.499998195568
7.37221156644,0.0,0.499999702278
8.71240538087,0.0,0.499999432897
7.30214648662,0.0,0.499999220715
7.46008576859,0.0,0.49999877525
6.56135112628,0.0,0.499998364816
6.51073068773,0.0,0.499997598759
6.51182561711,0.0,0.499997137791
6.34629837542,0.0,0.499995790678
6.98987061512,0.0,0.499999787153
6.44396869453,0.0,0.499999630185
6.89377844774,0.0,0.499999573284
6.13871097062,0.0,0.499999437705
7.20590906261,0.0,0.499999097827
7.69934667293,0.0,0.499998902024
7.84723836905,0.0,0.499997530842
7.12249875451,0.0,0.500001134245
7.23268065101,0.0,0.499997311843
7.98407436267,0.0,0.500003392943
7.15355599376,0.0,0.499999666681
7.6976113091,0.0,0.500005586521
9.16427981159,0.0,0.5000234555
7.03917022092,0.0,0.500028288146
6.68951969441,0.0,0.499954216224
7.47278041461,0.0,0.499987859009
8.42576887451,0.0,0.499917741184
7.99686549942,0.0,0.50016952483
9.50493517617,0.0,0.499860903735
7.7451948299,0.0,0.499555808253
8.80386493676,0.0,0.500767262551
10.005184789,0.0,0.501335010081
9.88232196528,0.0,0.507001966463
12.6106132145,0.0,0.52999530808
11.56652575,0.0,0.470009139761
6.97424517227,0.0,0.398020598629
5.98664635513,0.0,0.397993221087
5.0431411213,0.0,0.39800238272
5.59311886074,0.0,0.397874713473
5.23353013294,0.0,0.397984598341
5.97489049383,0.0,0.39805370409
5.59348966806,0.0,0.397920025959
5.56668884078,0.0,0.397923133554
5.60105527393,0.0,0.397644424182
6.21680892094,0.0,0.397258775115
6.21165541409,0.0,0.39599897607
7.66063658654,0.0,0.406331685914
6.49200821321,0.0,0.39399697484
6.84565070302,0.0,0.382660608084
6.69438660712,0.0,0.421991676797
6.37476692061,0.0,0.387999916089
4.92556007357,0.0,0.297999989012
4.01478725782,0.0,0.297999985716
4.00287215037,0.0,0.297999981032
4.14530758955,0.0,0.297999987202
4.00423535935,0.0,0.297999999704
3.95051473442,0.0,0.297999999893
4.81372174789,0.0,0.297999999645
4.25596086804,0.0,0.297999999161
4.1252669005,0.0,0.297999998344
3.73522501516,0.0,0.297999995751
4.60308152306,0.0,0.297999998454
4.43901342583,0.0,0.297999995148
4.428821196,0.0,0.297999983293
3.7882758719,0.0,0.297999987719
3.81343637933,0.0,0.297999980734
3.89997075396,0.0,0.297999918794
3.96399027409,0.0,0.297999887889
4.18791689364,0.0,0.297999928559
4.94511924064,0.0,0.297999634928
4.70758559529,0.0,0.297999314811
5.3092578773,0.0,0.297999721471
5.32510583668,0.0,0.297999445427
5.1602879509,0.0,0.297999549412
5.82791275622,0.0,0.298001561808
4.56914970595,0.0,0.297997444423
4.83961391991,0.0,0.297996610498
5.11456400746,0.0,0.297998705225
4.38220336495,0.0,0.29798935476
4.94548710917,0.0,0.297988092161
4.5162867753,0.0,0.297976643509
5.66433598773,0.0,0.29798589074
4.82172076101,0.0,0.297892019132
5.01544600592,0.0,0.298058555554
5.23852546047,0.0,0.297689615975
5.07432619017,0.0,0.29819505234
5.28438798097,0.0,0.297090804117
4.74213593148,0.0,0.296666484046
4.18636798335,0.0,0.284999916828
4.45082460971,0.0,0.295999868259
3.23549373032,0.0,0.194000000301
2.94391235463,0.0,0.194000000507
2.58474149091,0.0,0.19399999886
2.58387569793,0.0,0.194000001501
2.39578255293,0.0,0.194000000956
2.80545810532,0.0,0.193999995504
4.0524099179,0.0,0.193999998496
3.70614649588,0.0,0.194000005356
3.96623348291,0.0,0.193999994947
3.13104865203,0.0,0.193999974493
3.55773612656,0.0,0.193999941373
3.4654161862,0.0,0.194000054348
3.67305213389,0.0,0.193999828777
2.76787720628,0.0,0.194000117451
3.57152564237,0.0,0.193999608977
3.38426841872,0.0,0.194000746873
2.57854248634,0.0,0.194001144236
2.95353163853,0.0,0.19400209178
3.10687216775,0.0,0.193997568429
2.62457614135,0.0,0.193996063249
2.28918315789,0.0,0.193996846918
3.35374742478,0.0,0.19401026279
4.02837424613,0.0,0.194006189216
3.51135024268,0.0,0.1939789431
3.38967869673,0.0,0.193989830459
5.31149160228,0.0,0.193868660082
3.73064197219,0.0,0.193824635578
2.87432189169,0.0,0.194309443173
3.08183657459,0.0,0.193418720839
3.19280719281,0.0,0.194128538129
4.1877631579,0.0,0.195505263158
4.69356725146,0.0,0.195421052632
3.48333333334,0.0,0.188
4.36666666666,0.0,0.193888888889
4.65,0.0,0.192333333333
5.8,0.0,0.2112
3.4,0.0,0.154
1.4,0.0,0.054
0.0,0.0,0.0
0.0,0.0,0.0
0.0,0.0,0.0
0.0,0.0,0.0
0.0,0.0,0.0
0.0,0.0,0.0
0.0,0.0,0.0
0.0,0.0,0.0
0.0,0.0,0.0
0.0,0.0,0.0
0.0,0.0,0.0
0.0,0.0,0.0
0.0,0.0,0.0
0.0,0.0,0.0
0.0,0.0,0.0
0.0,0.0,0.0
0.0,0.0,0.0
0.0,0.0,0.0
0.0,0.0,0.0
0.0,0.0,0.0
0.0,0.0,0.0
0.0,0.0,0.0
0.0,0.0,0.0
0.0,0.0,0.0
0.0,0.0,0.0
0.0,0.0,0.0
0.0,0.0,0.0
0.0,0.0,0.0
0.0,0.0,0.0
0.0,0.0,0.0
0.0,0.0,0.0
0.0,0.0,0.0
0.0,0.0,0.0
0.0,0.0,0.0
0.0,0.0,0.0
0.0,0.0,0.0
0.0,0.0,0.0
0.0,0.0,0.0
0.0,0.0,0.0
0.0,0.0,0.0
0.0,0.0,0.0
0.0,0.0,0.0
0.0,0.0,0.0
0.0,0.0,0.0
0.0,0.0,0.0
0.0,0.0,0.0
0.0,0.0,0.0
0.0,0.0,0.0
0.0,0.0,0.0
0.0,0.0,0.0
0.0,0.0,0.0
0.0,0.0,0.0
0.0,0.0,0.0
0.0,0.0,0.0
0.0,0.0,0.0
0.0,0.0,0.0
0.0,0.0,0.0
0.0,0.0,0.0
0.0,0.0,0.0
0.0,0.0,0.0
0.0,0.0,0.0
0.0,0.0,0.0
0.0,0.0,0.0
0.0,0.0,0.0
0.0,0.0,0.0
0.0,0.0,0.0
0.0,0.0,0.0
0.0,0.0,0.0
0.0,0.0,0.0
0.0,0.0,0.0
0.0,0.0,0.0
0.0,0.0,0.0
0.0,0.0,0.0
0.0,0.0,0.0
0.0,0.0,0.0
0.0,0.0,0.0
0.0,0.0,0.0
0.0,0.0,0.0
0.0,0.0,0.0
0.0,0.0,0.0
0.0,0.0,0.0
0.0,0.0,0.0
0.0,0.0,0.0
0.0,0.0,0.0
0.0,0.0,0.0
0.0,0.0,0.0
0.0,0.0,0.0
0.0,0.0,0.0
0.0,0.0,0.0
0.0,0.0,0.0
0.0,0.0,0.0
0.0,0.0,0.0
0.0,0.0,0.0
0.0,0.0,0.0
0.0,0.0,0.0
0.0,0.0,0.0
0.0,0.0,0.0
0.0,0.0,0.0
0.0,0.0,0.0
0.0,0.0,0.0
0.0,0.0,0.0
0.0,0.0,0.0
0.0,0.0,0.0
0.0,0.0,0.0
0.0,0.0,0.0
0.0,0.0,0.0
0.0,0.0,0.0
0.0,0.0,0.0
0.0,0.0,0.0
0.0,0.0,0.0
0.0,0.0,0.0
0.0,0.0,0.0
0.0,0.0,0.0
0.0,0.0,0.0
0.0,0.0,0.0
0.0,0.0,0.0
0.0,0.0,0.0
0.0,0.0,0.0
0.0,0.0,0.0
0.0,0.0,0.0
0.0,0.0,0.0
0.0,0.0,0.0
0.0,0.0,0.0
0.0,0.0,0.0
0.0,0.0,0.0
0.0,0.0,0.0
0.0,0.0,0.0
0.0,0.0,0.0
0.0,0.0,0.0
0.0,0.0,0.0
0.0,0.0,0.0
0.0,0.0,0.0
0.0,0.0,0.0
0.0,0.0,0.0
0.0,0.0,0.0
0.0,0.0,0.0
0.0,0.0,0.0
0.0,0.0,0.0
0.0,0.0,0.0
0.0,0.0,0.0
0.0,0.0,0.0
0.0,0.0,0.0
0.0,0.0,0.0
0.0,0.0,0.0
0.0,0.0,0.0
0.0,0.0,0.0
0.0,0.0,0.0
0.0,0.0,0.0
0.0,0.0,0.0
0.0,0.0,0.0
0.0,0.0,0.0
0.0,0.0,0.0
0.0,0.0,0.0
0.0,0.0,0.0
0.0,0.0,0.0
0.0,0.0,0.0
0.0,0.0,0.0
0.0,0.0,0.0
0.0,0.0,0.0
0.0,0.0,0.0
0.0,0.0,0.0
0.0,0.0,0.0
0.0,0.0,0.0
0.0,0.0,0.0
0.0,0.0,0.0
0.0,0.0,0.0
0.0,0.0,0.0
0.0,0.0,0.0
0.0,0.0,0.0
0.0,0.0,0.0
0.0,0.0,0.0
0.0,0.0,0.0
0.0,0.0,0.0
0.0,0.0,0.0
0.0,0.0,0.0
0.0,0.0,0.0
0.0,0.0,0.0
